ID,TITLE,LOCATION,SUMMARY
https://kr.indeed.com/viewjob?jk=dcfe7bac31d8b195,[카카오 클라우드] 카카오 클라우드 콘솔(포탈) 프론트엔드 개발자 모집,성남 판교역,기본 지식 및 마크업 능력 JavaScript 사용에 능숙하며 ES6+ 표준 스펙을 활용한 개발 경험 React 또는 Vue.js 를 활용한 SPA 개발 경험 (2년 이상) REST API 를 활용한 Web 개발 경험...
https://kr.indeed.com/viewjob?jk=3d94907cf552111d,Logistics specialist,충청남도 천안,"Fluent verbal, reading, writing English skill Ability to react quickly and actively for unexpected situations Flexibility..."
https://kr.indeed.com/viewjob?jk=00e81fc701933452,세계화 플랫폼 앱&웹 개발자,서울 강남구,"래밍, 앱개발 [우대사항] 전공계열: 공학계열 우대사항: 인근거주자 - Javascript에 능숙 하신분 - React를 이용한 웹 사이트 운영 혹은 개발 경험이 있으신 분 - 커뮤니티 서비스 (게시판 형 커뮤니티, 당근마켓..."
https://kr.indeed.com/viewjob?jk=58c48a85e201f7eb,전국별미 웹 프론트엔드 개발자 기간제,서울 송파구,"3년 이상의 웹 프론트엔드 개발 경험 - HTML(5), CSS, Javascript(최소 ES5), React 기본 지식 보유 - AWS, Git & Github, HTTP, RESTful API 클라이언트 개발 경험..."
https://kr.indeed.com/viewjob?jk=3f4e9e840e285620,"리액트(React) 개발자 채용(신입, 경력)",서울 영등포동8가,"근무조건 정규직 급여 2500~3000만원 주 5일 | 오전 9시~오후 6시 서울 영등포구 지하철 서울5호선 영등포시장역 지원자격 신입, 경력 무관, 경력무관 학력무관 우대조건 해당업무 근무경험 기업정보 2007년..."
https://kr.indeed.com/viewjob?jk=7dbaa95d22eacd29,"웹개발, 백엔드 외 경력 정규직",울산 남구,"당업무 자격요건 인원 [담당업무] 1. 스마트팩토리 솔루션 MES, ERP, SCM 시스템 분석/설계/개발 - React JS, Jsp, Java, Spring boot 2. 딥러닝, 머신러닝 기반 이미지 프로세싱 불량 검출..."
https://kr.indeed.com/viewjob?jk=93c307b1bbc3fa17,[Biz] 버티컬 서비스(여행/Flyer) & 광고플랫폼 FE/BE 개발...,서울,"요건] - Javascript 개발 경력 2년 이상을 보유하신 분 - React 활용 능력이 있으신 분 - HTML, CSS 등 W3C 웹 표준 규격... 하시는 분 [우대사항] - React, Typescript, Nextjs..."
https://kr.indeed.com/viewjob?jk=fb13a51ba8d08591,[Clova CIC] 클로바노트 서비스 및 음성인식 엔진 개발자 (경력),서울,최소 ES6 이상)/Typescript 기본 지식 보유하신 분 - HTML/CSS 기본 지식 보유하신분 - React/Next.js 로 SPA 개발 경험이 있으신 분 - Node.js/Deno/MongoDB 개발 및 운영...
https://kr.indeed.com/viewjob?jk=edbfff4e74f35ca7,[TmaxWAPL/R&D] WAPL 제품 웹 프론트엔드 개발자 경력,성남 분당구,"React 기반 기술 보유 및 관련 프로젝트 경험 우대사항 - (경력) 10인 이상 규모의 프로젝트 개발 경험 - (경력) MobX, Redux 경험 - (경력) Vue.js 경험 - (경력) 모바일 React Native..."
https://kr.indeed.com/viewjob?jk=dc388b0251e147df,웹프론트엔드 개발자,대한민국,"JavaScript를 사용합니다. • React, Vue.js를 사용합니다... 랫폼 서비스 개발 자격요건 • 유관 업무 경력이 2년 이상이신 분 • React, Vue.js, Angular 등 최신 프레임 워크 중 하나 이상에서..."
https://kr.indeed.com/viewjob?jk=776b38eee1e4edc5,프론트엔드 개발자,대전 유성구,"[직무내용] 1. 프론트엔드 개발자 - React, Redux - TypeScript - ES6 +WebPACK, Babel 등의 기술에 대한 이해와 경험이 있으면 좋습니다 웹 서비스의 실제 프로덕트 출시, 운영 경험이 있으면..."
https://kr.indeed.com/viewjob?jk=b9b358af4d75f12a,"마케팅, 웹개발 외 신입/경력 정규직",서울 서초구,"Swift 이해도가 높은 자 - JAVA, JS, Node.JS, Python 이해도가 높은 자 - React, Vue, Angular 이해도가 높은 자 0 명 근무조건 고용형태: 정규직(수습기간3개월) 인근전철역: 서울2..."
https://kr.indeed.com/viewjob?jk=8a48c202f69d2877,Front-end 웹/앱 개발자 (병역특례 가능),서울 마포구,"Window App 개발 경험 보유 [담당업무] - Android, React(web) 기반의 UI위주의 구현 - Python(PySide2) 기반의... AWS EC2를 이용한 React App 배포 경험 - Android 및..."
https://kr.indeed.com/viewjob?jk=9c63fea8a3b83a00,개발 총괄 PM,대한민국,"javascript, jQuery 기반 웹 어플리케이션 개발 경험 - React, angular, electron 등 최신 프레임워크 경험 - AWS... 및 운영 경험 (Angular, React, Backbone 등) (우대..."
https://kr.indeed.com/viewjob?jk=a9a325ca8d2e72a7,화장품 브랜드사 빅데이터 분석 프론트앤드 경력자,인천 연수구,"- HTML5, CSS, javascript 웹표준에 대한 이해 및 가능자 - 3년 이상의 React를 활용하여 웹 개발 경험 - Server Side Rendering을 활용한 검색엔진 최적화 - 모바일 및 PC웹에대한 반응형..."
https://kr.indeed.com/viewjob?jk=ef33074c2e45e2b6,"웹 프론트엔드 개발자 (산업기능요원, 전문연구요원)",서울 송파구,"SASS), Javascript(ES2015+) - 주요 라이브러리: Webpack, Babel, ESLint, React, Vue, Redux, Redux-Saga - 업무도구: Git, Github, AWS, Jira..."
https://kr.indeed.com/viewjob?jk=fccb5aff7bb4cf15,[스텝페이] 백엔드 경력 정규직,서울 구로구,"요건] 경력사항: 경력(4년 이상 ) 학력사항: 대학교(4년)졸업 이상 직무기술: springboot, react, Typescript, Firebase, AWS 스텝페이 더 알아보기 https://bit.ly/2Qymid2..."
https://kr.indeed.com/viewjob?jk=e94c6ebd54632b4e,자바 파이썬 인공지능 빅데이터 응용 개발자,서울 영등포구,딥러닝) 관련 유경험자 우대 모바일 앱/웹 개발 분야 ㆍ모바일 앱/웹 개발 ㆍ React 필수 프론트엔드 개발 분야 ㆍ프론트엔드 개발 ㆍ React 필수 [근무시간 및 형태] 주 5일 근무 (오전) 10시 00분~(오후) 7시...
https://kr.indeed.com/viewjob?jk=efdea0aafe0813bd,[분당] 의료IT기업 프론트엔드 개발자(5년이상),성남 분당구,"기반 웹솔루션 개발 및 유지보수 - HTML, Jquery, CSS, React, Ajax 활용한 프론트엔드 개발 - RESTful 기반 API 개발... ASP.NET), jQuery, react 프론트엔드 개발자, AJAX..."
https://kr.indeed.com/viewjob?jk=73f619e964a56a10,[전문연구요원] ML/DL 연구원 및 SW 개발자,서울 서초구,"운영 경험 - (우대) Restful API 개발 경험 - (우대) React, Angular.js, GraphQL 개발 경험 - (우대) Full... 프로세스 참여 경험 - (우대) React, Vue 등 최신 프레임워크..."
https://kr.indeed.com/viewjob?jk=3f8744d2b7cc0adb,플랫폼 자바웹 프론트/백엔드 시스템 개발자,서울 강남구,"자바웹개발백엔드) 담당업무 : 플랫폼 서비스 모듈/어드민 개발 필요기술 : JAVA/JSP,Javascript, React Jquery, Spring Framework, Restful API [근무시간 및 형태] 주 5일 근무..."
https://kr.indeed.com/viewjob?jk=dbb7a03d38539423,웹 개발 정규직,제주 제주시,"자격요건 인원 웹 기획 및 개발 행부케 웹 서비스 개발 [자격요건] 실서비스 개발 및 운영 경험 이 있으신분 React, Next.js, ES6+, HTML5, CSS3 개발 경험 이 있으신분 상태관리(Redux ,Saga..."
https://kr.indeed.com/viewjob?jk=fdd1ec500461c093,"프론트엔드, 백엔드 개발 경력 정규직",서울 강남구,"레임워크 사용 능력 (jQuery, React, Vue, Angular 등... JAVA, TypeScript, Python 등) l Node & React 스택의 개발자 l Spring Framework 및 오픈소스 활용 경험..."
https://kr.indeed.com/viewjob?jk=fba3170b3b310b1d,하이브리드 앱개발 정규직,서울 구로구,경험 - Kotlin 프로그래밍 지식 - React Native 개발 경험... Swift를 이용한 iOS 개발 경험 - Kotlin 프로그래밍 지식 - React Native 개발 경험 - Hybrid App 개발 경험 00 명...
https://kr.indeed.com/viewjob?jk=445b70bb6b9fd776,플랫폼 프론트엔드 개발자 모집,성남 판교역,"자격 학력 : 무관 경력기간 : 3년 ~ 필수조건 • Front-end 개발/운영 경험 3년 이상 • SPA( React, Vue.js 등) 를 활용한 Front-end 설계/개발 경험 보유 • JavaScript 및 HTML..."
https://kr.indeed.com/viewjob?jk=a5d78bea5463e38e,제품/솔루션 개발직 신입/경력,서울 노원구,"javascript 개발자 나. (당사 솔루션 기반) 테스트자동화 개발 및 제반 수명업무 (신입/경력) - react, python, javascript 개발자 3. 참고 - 사무실: 본사(인덕대)와 공유오피스(종로) 2곳..."
https://kr.indeed.com/viewjob?jk=ef847388cd119b0b,Cross Border Ecommerce (Korea) - Team As...,서울,various department on process improvement Able to adapt and react quickly to changing needs and business decisions Other ad...
https://kr.indeed.com/viewjob?jk=59c9ee6a635c251a,React Native Developer,서울 마포구,자격요건] • React Native 개발에 능숙한 분 • REST API를 이용한 클라이언트 개발 경험이 있는 분 • React Native 개발... 개발해 본 경험이 있는 분 • React로 웹 Front-end를 실무...
https://kr.indeed.com/viewjob?jk=2dbe4c7e2066d839,"css, 웹퍼블리셔(HTML코딩) 외 경력 정규직",서울 강남구,"자격요건 담당업무 자격요건 인원 [담당업무] 웹퍼블리싱 및 UI개발(Html5,CSS,Javascript) - React,Vue 환경에서의 마크업에 대한 이해를 기반 - UI 구현 - 소스 버전관리 (SVN,GIT등) 경험을..."
https://kr.indeed.com/viewjob?jk=c58df1061d490778,[카카오 클라우드] 컨테이너 클라우드 개발자 모집,성남 판교역,"동화 경험 오픈소스 소프트웨어에 대한 코드 레벨 트러블 슈팅 경험 퍼블릭 클라우드 사용 경험 golang, react, shell script, ansible 사용 경험 필독사항 ※ 카카오 기술 직군의 경우, 개발 경력..."
https://kr.indeed.com/viewjob?jk=ef33074c2e45e2b6,"웹 프론트엔드 개발자 (산업기능요원, 전문연구요원)",서울 송파구,"SASS), Javascript(ES2015+) - 주요 라이브러리: Webpack, Babel, ESLint, React, Vue, Redux, Redux-Saga - 업무도구: Git, Github, AWS, Jira..."
https://kr.indeed.com/viewjob?jk=bb21c13e3bc6193f,주식회사 내방패밀리 웹 & 앱 개발 직무,서울 서초구,"Swift 이해도가 높은 자 - JAVA, JS, Node.JS, Python 이해도가 높은 자 - React, Vue, Angular 이해도가 높은 자 1 명 근무조건 고용형태: 정규직 근무부서: 개발팀 급여조건: 연봉..."
https://kr.indeed.com/viewjob?jk=9ba2af0dadae83c3,프론트엔드 웹 개발자,서울 강남구,"자격요건(필수), 어떤 조건이 필요한가요? 기본적인 자료구조, 알고리즘 및 컴퓨터 사이언스에 대한 이해 React, Angular 등의 frontend framework 사용 경험 (+자유자재로 다룬다) Webpack 등의..."
https://kr.indeed.com/viewjob?jk=fb13a51ba8d08591,[Clova CIC] 클로바노트 서비스 및 음성인식 엔진 개발자 (경력),서울,최소 ES6 이상)/Typescript 기본 지식 보유하신 분 - HTML/CSS 기본 지식 보유하신분 - React/Next.js 로 SPA 개발 경험이 있으신 분 - Node.js/Deno/MongoDB 개발 및 운영...
https://kr.indeed.com/viewjob?jk=44555f028d57be1e,APP 개발자(react native),과천 과천시,폼을 위한 React Native 모바일 앱 개발 - React 기반 프로... React 기반프로토타입웹사이트제작 자격요건 - 개발경력최소 3년이상 - 최소 1년 이상 React Native 개발 경험 또는 React 전문...
https://kr.indeed.com/viewjob?jk=3b9719a191ef0273,UI마크업 개발자(),성남 판교역,자 - 적극적이고 책임감 있는 자 - 다양한 디바이스 크로스 브라우징 기술력을 보유한 자 - vuejs/ react/bootstrap 등 최신 FE 환경에 대한 마크업 경험자 - javascript 활용 가능자 본...
https://kr.indeed.com/viewjob?jk=00e81fc701933452,세계화 플랫폼 앱&웹 개발자,서울 강남구,"래밍, 앱개발 [우대사항] 전공계열: 공학계열 우대사항: 인근거주자 - Javascript에 능숙 하신분 - React를 이용한 웹 사이트 운영 혹은 개발 경험이 있으신 분 - 커뮤니티 서비스 (게시판 형 커뮤니티, 당근마켓..."
https://kr.indeed.com/viewjob?jk=3bafdba72ed14ee9,"다음 첫화면,뉴스,스포츠,연예,1boon 유저웹서비스 개발자 모집",성남 판교역,"사용 경험 Kotlin 개발 경험 실시간 데이터 처리 경험 React 프레임워크 환경 경험자 코드 리팩토링을 즐기시는 분 프론트엔드의 경우 ES6, React, Webpack 으로 Single-page Application..."
https://kr.indeed.com/viewjob?jk=89f3b0bb67aad471,올리브 핀테크 함께 일하실 CTO,서울 서초구,"Web-Server Basic, MVC or MVVM, other JS Frameworks(Backbone, React JS) o - 코드의 더 나은 구조와 성능, 그리고 가독성을 위해 연구하고 효율적인 개발 프로세스를..."
https://kr.indeed.com/viewjob?jk=edbfff4e74f35ca7,[TmaxWAPL/R&D] WAPL 제품 웹 프론트엔드 개발자 경력,성남 분당구,"React 기반 기술 보유 및 관련 프로젝트 경험 우대사항 - (경력) 10인 이상 규모의 프로젝트 개발 경험 - (경력) MobX, Redux 경험 - (경력) Vue.js 경험 - (경력) 모바일 React Native..."
https://kr.indeed.com/viewjob?jk=8a48c202f69d2877,Front-end 웹/앱 개발자 (병역특례 가능),서울 마포구,"Window App 개발 경험 보유 [담당업무] - Android, React(web) 기반의 UI위주의 구현 - Python(PySide2) 기반의... AWS EC2를 이용한 React App 배포 경험 - Android 및..."
https://kr.indeed.com/viewjob?jk=b9b358af4d75f12a,"마케팅, 웹개발 외 신입/경력 정규직",서울 서초구,"Swift 이해도가 높은 자 - JAVA, JS, Node.JS, Python 이해도가 높은 자 - React, Vue, Angular 이해도가 높은 자 0 명 근무조건 고용형태: 정규직(수습기간3개월) 인근전철역: 서울2..."
https://kr.indeed.com/viewjob?jk=776b38eee1e4edc5,프론트엔드 개발자,대전 유성구,"[직무내용] 1. 프론트엔드 개발자 - React, Redux - TypeScript - ES6 +WebPACK, Babel 등의 기술에 대한 이해와 경험이 있으면 좋습니다 웹 서비스의 실제 프로덕트 출시, 운영 경험이 있으면..."
https://kr.indeed.com/viewjob?jk=dc388b0251e147df,웹프론트엔드 개발자,대한민국,"JavaScript를 사용합니다. • React, Vue.js를 사용합니다... 랫폼 서비스 개발 자격요건 • 유관 업무 경력이 2년 이상이신 분 • React, Vue.js, Angular 등 최신 프레임 워크 중 하나 이상에서..."
https://kr.indeed.com/viewjob?jk=7dbaa95d22eacd29,"웹개발, 백엔드 외 경력 정규직",울산 남구,"당업무 자격요건 인원 [담당업무] 1. 스마트팩토리 솔루션 MES, ERP, SCM 시스템 분석/설계/개발 - React JS, Jsp, Java, Spring boot 2. 딥러닝, 머신러닝 기반 이미지 프로세싱 불량 검출..."
https://kr.indeed.com/viewjob?jk=18d26a50816ffa89,웹퍼블리셔 경력직,서울 강남구,"4년~8년) -정규직 -업무내용 : 웹퍼블리싱 & UI개발(html5,css,javascript) 우대사항 - react,vue 등의 프레임워크에 관심이 많고, 마크업에 대한 이해자 - UI구현에 거부감이 없는 분 - svn..."
https://kr.indeed.com/viewjob?jk=8b0e28fed99f6f28,Front-end 개발자 모집,성남 판교역,"CSS (SASS, LESS)웹 표준기술 숙련자(웹 퍼블리셔 역할 가능 해야 함). - Vue.js 또는 React 사용 - Vuex 또는 Mobx 라이브러리 사용 (상태 관리) - Javascript 최신 문법에 대한 이해..."
https://kr.indeed.com/viewjob?jk=776b38eee1e4edc5,프론트엔드 개발자,대전 유성구,"[직무내용] 1. 프론트엔드 개발자 - React, Redux - TypeScript - ES6 +WebPACK, Babel 등의 기술에 대한 이해와 경험이 있으면 좋습니다 웹 서비스의 실제 프로덕트 출시, 운영 경험이 있으면..."
https://kr.indeed.com/viewjob?jk=2971877f7538e1f7,[TGD] 플랫폼 서비스 Front-End 프로그래머 모집,성남 판교역,"3년 ~ 필수조건 1. 웹과 모바일의 프론트엔드를 개발하여 오픈 경험이 있는 사람. 2. node.js, React 등의 개발 환경을 효과적으로 다룰 수 있는 사람. 우대사항 1. cloud 기반으로 서비스를 개발하고 오픈..."
https://kr.indeed.com/viewjob?jk=dc388b0251e147df,웹프론트엔드 개발자,대한민국,"JavaScript를 사용합니다. • React, Vue.js를 사용합니다... 랫폼 서비스 개발 자격요건 • 유관 업무 경력이 2년 이상이신 분 • React, Vue.js, Angular 등 최신 프레임 워크 중 하나 이상에서..."
https://kr.indeed.com/viewjob?jk=e351c465eeadc021,[관계사] 키즈노트 웹 서비스 프론트엔드 개발(경력직),성남 분당구,"있습니다. ◆ 업무내용 키즈노트 웹 서비스 프론트엔드 개발 ◆ 지원자격 React, Redux에 대한 실무 경험과 이해 HTML, CSS, JS 등의... 기술 TypeScript, React, Redux Jest, Cypress..."
https://kr.indeed.com/viewjob?jk=99bee3c5d7e046c8,프론트엔드 경력 정규직,서울 서초구,"에 대한 이해가 깊으신 분 • React, Vue등의 프레임워크 경험이... 서비스 경험 • AWS 인프라 환경에서 서비스 개발 경험 • React나 React Native로 개발하고 서비스 출시한 경험 • 프로젝트 초기부터..."
https://kr.indeed.com/viewjob?jk=0f5d91b843f99acb,[지식베이스] 네이버 영화 서비스 개발 신입/경력사원,서울,"분 - Java&Spring Framework에 능숙하신 분 - HTML5, CSS, Javascript ( React/jQuery) 에 대한 기본적인 지식과 웹접근성에 대한 이해도가 높으신 분 - Git 을 활용한 개발 경험..."
https://kr.indeed.com/viewjob?jk=cac18e6bcbee5a21,Front end 개발자,성남 분당구,현재 사용하고 있는 기술 Javascript React Vue 4. 필요 역량 Javascript 5. 우대 사항 React.js 개발 경험이 풍부하신 분 React.js 라이브러리를 능숙하게 다룰 수 있으신 분 UI...
https://kr.indeed.com/viewjob?jk=b8cd6d87ad1379b4,[성동구] 모바일 앱개발 (팀장급),서울 성동구,"End - Web (Vue.js, React) [근무부서 및 직급/직책... 무기술: - Android/iOS 앱개발, 백엔드개발, vue.js, React 기타사항: - 모바일 서비스 개발 경험 필수 - 상용서비스 개발 경험..."
https://kr.indeed.com/viewjob?jk=00e81fc701933452,세계화 플랫폼 앱&웹 개발자,서울 강남구,"래밍, 앱개발 [우대사항] 전공계열: 공학계열 우대사항: 인근거주자 - Javascript에 능숙 하신분 - React를 이용한 웹 사이트 운영 혹은 개발 경험이 있으신 분 - 커뮤니티 서비스 (게시판 형 커뮤니티, 당근마켓..."
https://kr.indeed.com/viewjob?jk=f05f8e7f6fc34359,Front-end 경력직 개발자,인천 연수구,개발 - UX 중심 설계 및 구현 - 사용자 경험과 현리성 중심의 디자인 설계 및 구현 ［필수보유기술］ - React 개발 - JavaScript ES6 / HTML / CSS - SCSS / TypeScript / Nuxt...
https://kr.indeed.com/viewjob?jk=e156570e477aea13,백엔드 개발 정규직 경력사원(5년 이하),서울 관악구,"관련 오픈소스) 사용 개발 유경험자 - Front-End 개발 유경험자(jQuery, Bootstrap, React/AngularJS 등) [근무조건 및 환경] - 근무형태 : 정규직 - 근무요일/시간 : 주5일(월~금..."
https://kr.indeed.com/viewjob?jk=d4a27c87e1fe720f,(경력) 웹/앱 개발자,대구 중구,"js 경험 보유자 - DB 설계 및 운영 능력 보유자 - 다양한 프레임 워크 경험 보유자(JQuery, React, Vue, js, Angular, Bootstrap 등) [앱 개발자] - 서버 및 DB 운영 관리 가능자..."
https://kr.indeed.com/viewjob?jk=3f86b334f5dca660,백엔드 개발,성남 분당구,"환경에 대한 경험 - 대용량 트래픽 처리에 대한 경험 - PM역할 수행 - 프론트엔드 프레임워크 사용( React, Angular, Vue 등) - Spring Boot 로 서비스를 개발 - 대용량 데이터 경험..."
https://kr.indeed.com/viewjob?jk=86c1eed80070b061,[TmaxBI/R&D] HyperData 제품군 웹 퍼블리셔 신입 및 경...,성남 분당구,블리싱 자격요건 - [필수] React기반 웹 퍼블리싱 경험 - HTML5... 필수] React기반 웹 퍼블리싱 경험 - (신입/경력) 반응형 웹 구축 경험 선택 사항 - (신입/경력) [선택]모바일 React Native...
https://kr.indeed.com/viewjob?jk=5827e320d9e8fe58,웹 프론트엔드 개발자,대한민국,"랫폼 서비스 개발 자격요건 • 유관 업무 경력 3년 이상 • 원활한 커뮤니케이션 능력을 갖추신 분 • React, Vue. js, Angular 등 최신 프레임 워크 중 하나 이상에서 충분한 경험이 있으신 분 • Mobile..."
https://kr.indeed.com/viewjob?jk=d05bfc2060525de6,[TmaxBI/R&D] HyperCompany 제품군 웹 퍼블리셔 신입...,성남 분당구,블리싱 자격요건 - [필수] React기반 웹 퍼블리싱 경험 - HTML5... 필수] React기반 웹 퍼블리싱 경험 - (신입/경력) 반응형 웹 구축 경험 선택 사항 - (신입/경력) [선택]모바일 React Native...
https://kr.indeed.com/viewjob?jk=8e2ed0b9f875eb93,프론트엔드 개발자 (React Native),서울 강남구,"1. React-Native 앱(iOS, Android) 기능 개발 및 유지/보수 2. 신규 프로젝트 앱 개발 자격사항 1. SPA (Angular, React, Vue) 경험이 있으신 분 2. React-Native 앱..."
https://kr.indeed.com/viewjob?jk=146b013aa9f65d2b,"자바스크립트, 자바스크립트 외 신입/경력 정규직",서울 마포구,"1년 이상 - Javascript, JQuery 가능자 - Vue, React 등 자바스크립트 프레임웍 경험자 우대조건 - 유관업무 경험자 - 웹 개발... JQuery 가능자 - Vue, React 등 자바스크립트 프레임웍 경험자..."
https://kr.indeed.com/viewjob?jk=653e839fe9548b14,"[마포]react 프론트엔드, android, iOS, react-nat...",서울 마포구,"마포) react 프론트엔드, react-native, android, iOS개발 부문별 경력 정규직 채용 모집부문 및 자격요건 모집부문 담당업무 자격요건 인원 1. react 프론트엔드 개발 2. react-native 3..."
https://kr.indeed.com/viewjob?jk=d18b4caa2bada9ee,[국내 최고회사] Front-End 개발자(사원~대리),성남 분당구,"분 - Javascript Framework를 사용하여 SPA 개발 경험이 있으신 분 ② 우대 조건 : - React, Vue 등 최신 Framework 중 하나 이상 능숙하게 사용하시는 분 - MobX 등 State 관리..."
https://kr.indeed.com/viewjob?jk=6e4e11c66ea8e6aa,(주)테라젠바이오 프론트엔드 웹개발 신입/경력 정규직,성남 분당구,"랫폼팀 [자격요건] · 경력사항: 신입, 경력(2년 이상) - JavaScript Framework (Vue, React, Angular 중 하나) 개발 경험 - REST API 기반의 서비스 개발 경험 · 학력사항: 대학교..."
https://kr.indeed.com/viewjob?jk=9e4b3102bfba25df,[TmaxWAPL/R&D] WAPL 제품 웹 퍼블리셔 신입 및 경력,성남 분당구,JavaScript 프로그래밍 가능 - (신입/경력) Jquery/ React/Vue.js 기반 웹 퍼블리싱 경험 - (신입/경력) 모바일 React Native 기반 퍼블리싱 경험 모집기간 2021/03/02 ~ 2021/03/31
https://kr.indeed.com/viewjob?jk=bde56f46af4e9a3a,[신입/경력] 모바일/웹 개발자 정규직,서울 강남구,"웹 개발자 경력직 ( react / react-native) 모집부문 및 자격요건 담당업무 자격요건 인원 [담당업무] - 담당 업무 : 모바일/웹 솔루션 개발 - 사용기술 : react-native, react [근무부서 및..."
https://kr.indeed.com/viewjob?jk=3cf01580ba5eb23a,NLP Researcher,서울,"HTML, Javascript(Typescript), CSS(Sass) Library/Framework : React(Next.js), Vue(Nuxt.js), Rx.js, D3(Observablehq), Jest..."
https://kr.indeed.com/viewjob?jk=983d800d82f36358,React-Native 크로스 플랫폼 앱 서비스 개발(경력 3년이상),서울 영등포구,React-Native 크로스 플랫폼 앱 서비스 개발(경력 3년이상) 모집부문 및 자격요건 담당업무 자격요건 인원 [담당업무] - 모야의 모바일 클라이언트 RN( React-Native) 개발 - RN( React-Native...
https://kr.indeed.com/viewjob?jk=6e58f2a5507d15c0,[TmaxAI/R&D] HyperChatbot 웹 퍼블리셔 신입 및 경력,성남 분당구,"와 CSS-in-JS 사용 - Git 및 형상관리 사용 우대사항 - JavaScript 및 ES6 - React를 활용한 SPA 개발 경험 - Webpack, Babel 등을 이용한 프로젝트 환경 구성 경험 - Web UI..."
https://kr.indeed.com/viewjob?jk=763033ac875a1700,(주)엔티엘헬스케어 SW개발팀 Frontend개발자 (신입/경력사원),성남 수정구,"Java Spring / Framework/ RDBMS 프로그래밍 [우대사항] - Vue.js, React 경험자 우대 [근무시간 및 형태] 주 5일 근무 월~금 : 오전 9시 ~ 오후 6시 주소정근로시간 : 40시간 [급여..."
https://kr.indeed.com/viewjob?jk=650893f0672cebc3,테크센터개발팀 - 웹 프로그래머,성남 분당구,"NET MVC, Spring, node.js(Express), Django, Beego, Laravel, React, Angular, Vue 등) - 본인의 주력 언어 및 프레임워크에 대한 깊은 이해 - 데이터베이스 설계..."
https://kr.indeed.com/viewjob?jk=296f86c6e5693d19,[주식회사 클라모스] React/NodeJS 풀스텍 개발자,서울 구로구,-코드 포트폴리오 제출시 우대 (GitHub를 통해 공개된 코드) -소프트웨어 개발 전공자 우대 -정보처리기사 자격증 소지자 우대 -해당 직무 근무경험자 우대 인터넷·IT·통신·모바일·게임>소프트웨어·하드웨어>소프트웨어|인터넷...
https://kr.indeed.com/viewjob?jk=206550813b58865d,[개발자] 꿈 찾아드립니다. 저희와 함께하세요,서울 강남구,으신 분 4. Front-End (신입/경력) 개발자 (1명) - ja vasc ript에 능숙 하신분 - React를 이용한 웹 사이트 운영 혹은 개발 경험이 있으신 분 - 오픈 쇼핑몰 혹은 O2O 서비스 개발에 종사 혹은...
https://kr.indeed.com/viewjob?jk=68958d5ca59df493,(주)엘솔루 웹 개발자,서울,우대조건] JavaScript/NodeJS/ React 풀스택 Full-Stack 개발 유경험자. Javascript / React / Python... JavaScript/NodeJS/ React 풀스택 Full-Stack 개발...
https://kr.indeed.com/viewjob?jk=26e5983b610c3289,[웹젠] 프론트엔드개발(경력),성남 분당구,"적인 성향을 보유한 분 - Javascript 프레임워크(Vue, React, Angular 등) 개발 경험이 있는 분 - CSS(less, sass... Javascript 프레임워크(Vue, React, Angular 등..."
https://kr.indeed.com/viewjob?jk=efae3ea8c3b72b48,[ETECH] SmartEditor 개발 연계형 인턴,서울,"트앤드 개발 [ 역할 ] - 홈빌더 플랫폼 개발 - 신규 프로젝트 컴포넌트개발 지원 [ 자격 요건 ] - React/Vue/Angulr 등의 프레임워크 개발 경험 - JavaScript, HTML/CSS 개발 경험 [ 우대..."
https://kr.indeed.com/viewjob?jk=5015781911d160c4,한화생명 플랫폼개발팀 개발자 경력채용,서울,"혹은 그에 준하는 실력 • HTML5, CSS3, Javascript에 대한 깊은 이해 • ES6+, React 기술 경험 • Webpack 등의 빌드 도구 경험 • 웹 프론트 기술 흐름에 지속적으로 관심갖는 분 • 논리적..."
https://kr.indeed.com/viewjob?jk=115c46e0d1df11d8,[개발자] 모비데이즈 프론트엔드 개발자 경력직 채용,서울특별시,"기반의 웹 개발 경험이 있으신 분 -타 팀과의 커뮤니케이션 및 협업이 원활하신 분 [ 우대사항 ] - React, Vue같은 Javascript Framework 경험자 -MVC 등의 패턴에 대한 경험이 있으신 분 -활용..."
https://kr.indeed.com/viewjob?jk=66520360eebc2cf3,대구 북구 웹 개발자 (Node.js/React Native) 각각 1명,대구 북구,"Node.js 개발자 1명 - React Native 개발자 2명 담당업무 - 백앤드 개발, 프런트앤드 개발, React Native 앱 개발 - 근무... 결정) 중요 사항 프런트앤드라면 React Native를 이용하여 하이브리..."
https://kr.indeed.com/viewjob?jk=d74dff090d007aac,[개발자] 모비데이즈 웹퍼블리셔 경력직 채용,서울특별시,등 W3C 웹표준 규격에 대한 이해와 사용 능력을 갖춘분 -Javascript 활용 가능하신분 -vuejs/ react/bootstrap 등 최신 FE 환경에 대한 마크업 경험해보신분 -media query로 반응형 제작 가능...
https://kr.indeed.com/viewjob?jk=86c1eed80070b061,[TmaxBI/R&D] HyperData 제품군 웹 퍼블리셔 신입 및 경...,성남 분당구,블리싱 자격요건 - [필수] React기반 웹 퍼블리싱 경험 - HTML5... 필수] React기반 웹 퍼블리싱 경험 - (신입/경력) 반응형 웹 구축 경험 선택 사항 - (신입/경력) [선택]모바일 React Native...
https://kr.indeed.com/viewjob?jk=ac7cb0765d47478c,SK플래닛 각 부문별 경력사원,성남 분당구,"Frontend 개발 및 운영 Requirement 기본적인 전산학 지식 프론트엔드 개발 경력 최소 3년 이상 React, Typescript 개발 경험 2년 이상 다양한 브라우저 환경 및 모바일 웹에 대한 이해 실제로 서비..."
https://kr.indeed.com/viewjob?jk=09a7b504ae035725,"프론트엔드, 백엔드 신입/경력 정규직",서울 마포구,"발자 Django/ React 개발자 모집 공고: https://bit.ly/34qIBcj 채용 포지션 - Django / React 신입 또는 주니어... 경험 - 프론트 : Next, React 사용 경험 우대사항 - 협업 프로..."
https://kr.indeed.com/viewjob?jk=c2c5abc68433e864,[대전 서구청 지역주도형 청년일자리사업]이노베이션티 웹 개발자 신입 &...,대전 서구,"[직무내용] 웹 페이지 백엔드 개발 / React Native 기반 앱 개발, Flutter 기반 앱 개발 [근무시간 및 형태] 주 5일 근무 (오전) 10시 00분 ~ (오후) 7시 00분 주소정근로시간 : 40시간 [급여조..."
https://kr.indeed.com/viewjob?jk=e7e30bfd43c19e3b,"스타트업 정규 개발직 신입, 경력직 사원",서울 강남구,"BootStrap 등 UI FrameWork 경험이 있으신 분 - React, Vue 등 JavaScript FrameWork 사용 가능하신 분... 경험이 있으신 분 - React, Vue 등 JavaScript..."
https://kr.indeed.com/viewjob?jk=3a75ab8ff748aefb,[Global Music] 글로벌 검색/AI 기술 개발 신입,서울,"보유하신 분 · ES6+ 에 대한 이해 및 경험, HTML/CSS 구조화에 대한 경험을 보유하신 분 · React, Vue.js, Angular 등 MV* 기반의 Framework을 이용한 실무 경험이 있으신 분 · SPA..."
